<?xml version="1.0" encoding="UTF-8"?>
<project-private xmlns="http://www.netbeans.org/ns/project-private/1">
    <editor-bookmarks xmlns="http://www.netbeans.org/ns/editor-bookmarks/2" lastBookmarkId="0"/>
    <open-files xmlns="http://www.netbeans.org/ns/projectui-open-files/2">
        <group>
            <file>file:/C:/Users/babur/OneDrive/Documents/NetBeansProjects/Library/src/library/NewStudent.java</file>
            <file>file:/C:/Users/babur/OneDrive/Documents/NetBeansProjects/Library/src/library/home.java</file>
            <file>file:/C:/Users/babur/OneDrive/Documents/NetBeansProjects/Library/src/library/IssueBook.java</file>
            <file>file:/C:/Users/babur/OneDrive/Documents/NetBeansProjects/Library/src/library/login.java</file>
            <file>file:/C:/Users/babur/OneDrive/Documents/NetBeansProjects/Library/src/library/NewBook.java</file>
            <file>file:/C:/Users/babur/OneDrive/Documents/NetBeansProjects/Library/src/library/returnbook.java</file>
        </group>
    </open-files>
</project-private>
